[{"model": "admin.logentry", "pk": 1, "fields": {"action_time": "2023-10-16T18:59:51.196Z", "user": 1, "content_type": 7, "object_id": "1", "object_repr": "Exploring the Evolving Landscape of Web Development in the Age of Technology Trends", "action_flag": 1, "change_message": "[{\"added\": {}}]"}}, {"model": "admin.logentry", "pk": 2, "fields": {"action_time": "2023-10-16T19:02:12.813Z", "user": 1, "content_type": 7, "object_id": "2", "object_repr": "The Convergence of Cybersecurity, Cloud Computing, and DevOps: Building Secure and Agile Systems", "action_flag": 1, "change_message": "[{\"added\": {}}]"}}, {"model": "admin.logentry", "pk": 3, "fields": {"action_time": "2023-10-16T19:04:01.489Z", "user": 1, "content_type": 7, "object_id": "3", "object_repr": "Driving Innovation and Efficiency: The Synergy of Agile Methodology and the Internet of Things (IoT)", "action_flag": 1, "change_message": "[{\"added\": {}}]"}}, {"model": "admin.logentry", "pk": 4, "fields": {"action_time": "2023-10-16T19:05:31.208Z", "user": 1, "content_type": 7, "object_id": "4", "object_repr": "The Intersection of UX/UI Design and Technology Trends: Enhancing User Experiences in the Digital Age", "action_flag": 1, "change_message": "[{\"added\": {}}]"}}, {"model": "admin.logentry", "pk": 5, "fields": {"action_time": "2023-10-16T19:06:25.209Z", "user": 1, "content_type": 7, "object_id": "5", "object_repr": "Navigating the Ever-Evolving World of Web Development: Trends, Technologies, and Best Practices", "action_flag": 1, "change_message": "[{\"added\": {}}]"}}, {"model": "admin.logentry", "pk": 6, "fields": {"action_time": "2023-10-16T19:07:26.669Z", "user": 1, "content_type": 7, "object_id": "6", "object_repr": "Synergizing Data Science, Cybersecurity, and Mobile App Development: Unlocking the Power of Secure and Data-Driven Mobile Experiences", "action_flag": 1, "change_message": "[{\"added\": {}}]"}}, {"model": "admin.logentry", "pk": 7, "fields": {"action_time": "2023-10-16T19:08:31.464Z", "user": 1, "content_type": 7, "object_id": "7", "object_repr": "Securing the Digital Frontier: Cybersecurity Strategies and Best Practices", "action_flag": 1, "change_message": "[{\"added\": {}}]"}}, {"model": "admin.logentry", "pk": 8, "fields": {"action_time": "2023-10-16T19:12:47.422Z", "user": 1, "content_type": 10, "object_id": "1", "object_repr": "Great!", "action_flag": 1, "change_message": "[{\"added\": {}}]"}}, {"model": "admin.logentry", "pk": 9, "fields": {"action_time": "2023-10-16T19:13:57.731Z", "user": 1, "content_type": 10, "object_id": "2", "object_repr": "\"Informative and Timely Article\" This article does a great job of highlighting the urgency and importance of cybersecurity in today's digital landscape. The strategies and best practices outlined here", "action_flag": 1, "change_message": "[{\"added\": {}}]"}}, {"model": "admin.logentry", "pk": 10, "fields": {"action_time": "2023-10-16T19:14:25.804Z", "user": 1, "content_type": 10, "object_id": "3", "object_repr": "\"Cybersecurity Is Everyone's Responsibility\" It's important to emphasize that cybersecurity isn't just the responsibility of IT departments. This article rightly points out that individual users play ", "action_flag": 1, "change_message": "[{\"added\": {}}]"}}, {"model": "admin.logentry", "pk": 11, "fields": {"action_time": "2023-10-16T19:14:55.159Z", "user": 1, "content_type": 10, "object_id": "4", "object_repr": "\"Thorough and Actionable Tips\" The article provides a comprehensive list of cybersecurity strategies and best practices. What's great is that it doesn't just identify the issues; it offers actionable ", "action_flag": 1, "change_message": "[{\"added\": {}}]"}}, {"model": "admin.logentry", "pk": 12, "fields": {"action_time": "2023-10-16T19:15:20.477Z", "user": 1, "content_type": 10, "object_id": "5", "object_repr": "\"Data Protection is Paramount\" The emphasis on data protection cannot be overstated. With data breaches becoming increasingly common, safeguarding sensitive information should be a top priority for ev", "action_flag": 1, "change_message": "[{\"added\": {}}]"}}, {"model": "admin.logentry", "pk": 13, "fields": {"action_time": "2023-10-16T19:16:14.864Z", "user": 1, "content_type": 10, "object_id": "6", "object_repr": "\"Incredible Insights on Integration\" This article does a remarkable job of explaining the crucial synergy between data science, cybersecurity, and mobile app development. The way it highlights the int", "action_flag": 1, "change_message": "[{\"added\": {}}]"}}, {"model": "admin.logentry", "pk": 14, "fields": {"action_time": "2023-10-16T19:16:32.357Z", "user": 1, "content_type": 10, "object_id": "7", "object_repr": "\"Data-Driven Personalization\" The concept of using data science for personalized mobile experiences is fascinating. It makes me appreciate the potential for mobile apps to truly understand and cater t", "action_flag": 1, "change_message": "[{\"added\": {}}]"}}, {"model": "admin.logentry", "pk": 15, "fields": {"action_time": "2023-10-16T19:17:20.053Z", "user": 1, "content_type": 10, "object_id": "8", "object_repr": "\"WebAssembly's Potential\" The discussion on WebAssembly is particularly intriguing. It has the potential to revolutionize web development by offering near-native performance. It's exciting to think ab", "action_flag": 1, "change_message": "[{\"added\": {}}]"}}, {"model": "admin.logentry", "pk": 16, "fields": {"action_time": "2023-10-16T19:17:39.937Z", "user": 1, "content_type": 10, "object_id": "9", "object_repr": "\"Responsive Design is a Must\" The emphasis on responsive design is spot on. With the proliferation of various devices and screen sizes, ensuring that websites work seamlessly on all platforms is cruci", "action_flag": 1, "change_message": "[{\"added\": {}}]"}}, {"model": "admin.logentry", "pk": 17, "fields": {"action_time": "2023-10-16T19:18:30.825Z", "user": 1, "content_type": 10, "object_id": "10", "object_repr": "\"A Relevant and Insightful Read\" This article masterfully addresses the ever-changing landscape of UX/UI design in a world of advancing technology. It's incredibly relevant for anyone in the field.", "action_flag": 1, "change_message": "[{\"added\": {}}]"}}, {"model": "admin.logentry", "pk": 18, "fields": {"action_time": "2023-10-16T19:18:54.905Z", "user": 1, "content_type": 10, "object_id": "11", "object_repr": "\"Technology's Impact on Design\" The discussion about how technology trends are shaping the way we design for user experiences is enlightening. It's clear that the two are closely intertwined and must ", "action_flag": 1, "change_message": "[{\"added\": {}}]"}}, {"model": "admin.logentry", "pk": 19, "fields": {"action_time": "2023-10-16T19:19:56.115Z", "user": 1, "content_type": 10, "object_id": "12", "object_repr": "\"A Fresh Perspective on IoT\" This article offers a unique perspective on the Internet of Things (IoT) and its synergy with Agile methodology. It's refreshing to see how these two powerful forces can d", "action_flag": 1, "change_message": "[{\"added\": {}}]"}}, {"model": "admin.logentry", "pk": 20, "fields": {"action_time": "2023-10-16T19:20:49.148Z", "user": 1, "content_type": 10, "object_id": "13", "object_repr": "\"An Insightful Look at Integration\" This article provides valuable insights into how the convergence of cybersecurity, cloud computing, and DevOps is reshaping the landscape of technology. It emphasiz", "action_flag": 1, "change_message": "[{\"added\": {}}]"}}, {"model": "admin.logentry", "pk": 21, "fields": {"action_time": "2023-10-16T19:21:28.895Z", "user": 1, "content_type": 10, "object_id": "14", "object_repr": "\"Adapting to Stay Competitive\" The emphasis on the need for web developers to adapt to emerging technology trends is crucial. In the digital age, staying competitive means keeping up with the latest t", "action_flag": 1, "change_message": "[{\"added\": {}}]"}}, {"model": "admin.logentry", "pk": 22, "fields": {"action_time": "2023-10-17T21:43:56.607Z", "user": 1, "content_type": 9, "object_id": "10", "object_repr": "Internet of Things(IoT) with ID 10", "action_flag": 2, "change_message": "[{\"changed\": {\"fields\": [\"Description\"]}}]"}}, {"model": "admin.logentry", "pk": 23, "fields": {"action_time": "2023-10-17T21:44:27.943Z", "user": 1, "content_type": 9, "object_id": "9", "object_repr": "Agile Methodology with ID 9", "action_flag": 2, "change_message": "[{\"changed\": {\"fields\": [\"Description\"]}}]"}}, {"model": "admin.logentry", "pk": 24, "fields": {"action_time": "2023-10-17T21:44:57.945Z", "user": 1, "content_type": 9, "object_id": "8", "object_repr": "DevOps with ID 8", "action_flag": 2, "change_message": "[{\"changed\": {\"fields\": [\"Description\"]}}]"}}, {"model": "admin.logentry", "pk": 25, "fields": {"action_time": "2023-10-17T21:45:25.288Z", "user": 1, "content_type": 9, "object_id": "7", "object_repr": "UX/UI Design with ID 7", "action_flag": 2, "change_message": "[{\"changed\": {\"fields\": [\"Description\"]}}]"}}, {"model": "admin.logentry", "pk": 26, "fields": {"action_time": "2023-10-17T21:45:51.227Z", "user": 1, "content_type": 9, "object_id": "6", "object_repr": "Cloud Computing with ID 6", "action_flag": 2, "change_message": "[{\"changed\": {\"fields\": [\"Description\"]}}]"}}, {"model": "admin.logentry", "pk": 27, "fields": {"action_time": "2023-10-17T21:46:15.130Z", "user": 1, "content_type": 9, "object_id": "5", "object_repr": "Mobile Web Development with ID 5", "action_flag": 2, "change_message": "[{\"changed\": {\"fields\": [\"Description\"]}}]"}}, {"model": "admin.logentry", "pk": 28, "fields": {"action_time": "2023-10-17T21:46:39.181Z", "user": 1, "content_type": 9, "object_id": "4", "object_repr": "Cybersecurity with ID 4", "action_flag": 2, "change_message": "[{\"changed\": {\"fields\": [\"Description\"]}}]"}}, {"model": "admin.logentry", "pk": 29, "fields": {"action_time": "2023-10-17T21:47:05.984Z", "user": 1, "content_type": 9, "object_id": "3", "object_repr": "Data Science with ID 3", "action_flag": 2, "change_message": "[{\"changed\": {\"fields\": [\"Description\"]}}]"}}, {"model": "admin.logentry", "pk": 30, "fields": {"action_time": "2023-10-17T21:47:35.768Z", "user": 1, "content_type": 9, "object_id": "2", "object_repr": "Technology Trends with ID 2", "action_flag": 2, "change_message": "[{\"changed\": {\"fields\": [\"Description\"]}}]"}}, {"model": "admin.logentry", "pk": 31, "fields": {"action_time": "2023-10-17T21:48:02.152Z", "user": 1, "content_type": 9, "object_id": "1", "object_repr": "Web Development with ID 1", "action_flag": 2, "change_message": "[{\"changed\": {\"fields\": [\"Description\"]}}]"}}, {"model": "admin.logentry", "pk": 32, "fields": {"action_time": "2023-10-20T14:21:39.997Z", "user": 1, "content_type": 7, "object_id": "7", "object_repr": "Securing the Digital Frontier: Cybersecurity Strategies and Best Practices", "action_flag": 2, "change_message": "[{\"changed\": {\"fields\": [\"Content\"]}}]"}}, {"model": "admin.logentry", "pk": 33, "fields": {"action_time": "2023-10-20T14:27:24.471Z", "user": 1, "content_type": 7, "object_id": "7", "object_repr": "Securing the Digital Frontier: Cybersecurity Strategies and Best Practices", "action_flag": 2, "change_message": "[{\"changed\": {\"fields\": [\"Content\"]}}]"}}, {"model": "admin.logentry", "pk": 34, "fields": {"action_time": "2023-11-21T13:13:24.084Z", "user": 1, "content_type": 4, "object_id": "1", "object_repr": "admin", "action_flag": 2, "change_message": "[{\"changed\": {\"fields\": [\"password\"]}}]"}}, {"model": "admin.logentry", "pk": 37, "fields": {"action_time": "2023-12-01T10:48:38.236Z", "user": 17, "content_type": 4, "object_id": "11", "object_repr": "", "action_flag": 3, "change_message": ""}}, {"model": "admin.logentry", "pk": 38, "fields": {"action_time": "2023-12-01T10:48:38.240Z", "user": 17, "content_type": 4, "object_id": "6", "object_repr": "ad", "action_flag": 3, "change_message": ""}}, {"model": "admin.logentry", "pk": 39, "fields": {"action_time": "2023-12-01T10:48:38.241Z", "user": 17, "content_type": 4, "object_id": "8", "object_repr": "apitest2", "action_flag": 3, "change_message": ""}}, {"model": "admin.logentry", "pk": 40, "fields": {"action_time": "2023-12-01T10:48:38.242Z", "user": 17, "content_type": 4, "object_id": "4", "object_repr": "jules", "action_flag": 3, "change_message": ""}}, {"model": "admin.logentry", "pk": 41, "fields": {"action_time": "2023-12-01T10:48:38.243Z", "user": 17, "content_type": 4, "object_id": "2", "object_repr": "julia", "action_flag": 3, "change_message": ""}}, {"model": "admin.logentry", "pk": 42, "fields": {"action_time": "2023-12-01T10:48:38.244Z", "user": 17, "content_type": 4, "object_id": "9", "object_repr": "mike", "action_flag": 3, "change_message": ""}}, {"model": "admin.logentry", "pk": 43, "fields": {"action_time": "2023-12-01T10:48:38.245Z", "user": 17, "content_type": 4, "object_id": "15", "object_repr": "newapi", "action_flag": 3, "change_message": ""}}, {"model": "admin.logentry", "pk": 44, "fields": {"action_time": "2023-12-01T10:48:38.245Z", "user": 17, "content_type": 4, "object_id": "16", "object_repr": "newapi2", "action_flag": 3, "change_message": ""}}, {"model": "admin.logentry", "pk": 45, "fields": {"action_time": "2023-12-01T10:48:38.246Z", "user": 17, "content_type": 4, "object_id": "14", "object_repr": "testAPI", "action_flag": 3, "change_message": ""}}, {"model": "admin.logentry", "pk": 46, "fields": {"action_time": "2023-12-01T10:48:38.246Z", "user": 17, "content_type": 4, "object_id": "10", "object_repr": "testuser", "action_flag": 3, "change_message": ""}}, {"model": "admin.logentry", "pk": 47, "fields": {"action_time": "2023-12-01T10:48:38.247Z", "user": 17, "content_type": 4, "object_id": "3", "object_repr": "tom", "action_flag": 3, "change_message": ""}}, {"model": "admin.logentry", "pk": 48, "fields": {"action_time": "2023-12-01T10:49:25.606Z", "user": 17, "content_type": 4, "object_id": "6", "object_repr": "ad", "action_flag": 2, "change_message": "[{\"changed\": {\"fields\": [\"Staff status\", \"Superuser status\"]}}]"}}, {"model": "admin.logentry", "pk": 49, "fields": {"action_time": "2023-12-01T10:49:46.732Z", "user": 17, "content_type": 4, "object_id": "11", "object_repr": "", "action_flag": 3, "change_message": ""}}, {"model": "admin.logentry", "pk": 50, "fields": {"action_time": "2023-12-01T10:49:46.734Z", "user": 17, "content_type": 4, "object_id": "6", "object_repr": "ad", "action_flag": 3, "change_message": ""}}, {"model": "admin.logentry", "pk": 51, "fields": {"action_time": "2023-12-01T10:49:46.735Z", "user": 17, "content_type": 4, "object_id": "8", "object_repr": "apitest2", "action_flag": 3, "change_message": ""}}, {"model": "admin.logentry", "pk": 52, "fields": {"action_time": "2023-12-01T10:49:46.736Z", "user": 17, "content_type": 4, "object_id": "4", "object_repr": "jules", "action_flag": 3, "change_message": ""}}, {"model": "admin.logentry", "pk": 53, "fields": {"action_time": "2023-12-01T10:49:46.737Z", "user": 17, "content_type": 4, "object_id": "2", "object_repr": "julia", "action_flag": 3, "change_message": ""}}, {"model": "admin.logentry", "pk": 54, "fields": {"action_time": "2023-12-01T10:49:46.738Z", "user": 17, "content_type": 4, "object_id": "9", "object_repr": "mike", "action_flag": 3, "change_message": ""}}, {"model": "admin.logentry", "pk": 55, "fields": {"action_time": "2023-12-01T10:49:46.738Z", "user": 17, "content_type": 4, "object_id": "15", "object_repr": "newapi", "action_flag": 3, "change_message": ""}}, {"model": "admin.logentry", "pk": 56, "fields": {"action_time": "2023-12-01T10:49:46.739Z", "user": 17, "content_type": 4, "object_id": "16", "object_repr": "newapi2", "action_flag": 3, "change_message": ""}}, {"model": "admin.logentry", "pk": 57, "fields": {"action_time": "2023-12-01T10:49:46.740Z", "user": 17, "content_type": 4, "object_id": "14", "object_repr": "testAPI", "action_flag": 3, "change_message": ""}}, {"model": "admin.logentry", "pk": 58, "fields": {"action_time": "2023-12-01T10:49:46.741Z", "user": 17, "content_type": 4, "object_id": "10", "object_repr": "testuser", "action_flag": 3, "change_message": ""}}, {"model": "admin.logentry", "pk": 59, "fields": {"action_time": "2023-12-01T10:49:46.742Z", "user": 17, "content_type": 4, "object_id": "3", "object_repr": "tom", "action_flag": 3, "change_message": ""}}, {"model": "admin.logentry", "pk": 60, "fields": {"action_time": "2023-12-01T10:50:33.922Z", "user": 17, "content_type": 4, "object_id": "11", "object_repr": "", "action_flag": 3, "change_message": ""}}, {"model": "admin.logentry", "pk": 61, "fields": {"action_time": "2023-12-01T10:50:33.924Z", "user": 17, "content_type": 4, "object_id": "6", "object_repr": "ad", "action_flag": 3, "change_message": ""}}, {"model": "admin.logentry", "pk": 62, "fields": {"action_time": "2023-12-01T10:50:33.925Z", "user": 17, "content_type": 4, "object_id": "8", "object_repr": "apitest2", "action_flag": 3, "change_message": ""}}, {"model": "admin.logentry", "pk": 63, "fields": {"action_time": "2023-12-01T10:50:33.926Z", "user": 17, "content_type": 4, "object_id": "4", "object_repr": "jules", "action_flag": 3, "change_message": ""}}, {"model": "admin.logentry", "pk": 64, "fields": {"action_time": "2023-12-01T10:50:33.927Z", "user": 17, "content_type": 4, "object_id": "2", "object_repr": "julia", "action_flag": 3, "change_message": ""}}, {"model": "admin.logentry", "pk": 65, "fields": {"action_time": "2023-12-01T10:50:33.928Z", "user": 17, "content_type": 4, "object_id": "9", "object_repr": "mike", "action_flag": 3, "change_message": ""}}, {"model": "admin.logentry", "pk": 66, "fields": {"action_time": "2023-12-01T10:50:33.928Z", "user": 17, "content_type": 4, "object_id": "15", "object_repr": "newapi", "action_flag": 3, "change_message": ""}}, {"model": "admin.logentry", "pk": 67, "fields": {"action_time": "2023-12-01T10:50:33.929Z", "user": 17, "content_type": 4, "object_id": "16", "object_repr": "newapi2", "action_flag": 3, "change_message": ""}}, {"model": "admin.logentry", "pk": 68, "fields": {"action_time": "2023-12-01T10:50:33.930Z", "user": 17, "content_type": 4, "object_id": "14", "object_repr": "testAPI", "action_flag": 3, "change_message": ""}}, {"model": "admin.logentry", "pk": 69, "fields": {"action_time": "2023-12-01T10:50:33.931Z", "user": 17, "content_type": 4, "object_id": "10", "object_repr": "testuser", "action_flag": 3, "change_message": ""}}, {"model": "admin.logentry", "pk": 70, "fields": {"action_time": "2023-12-01T10:50:33.932Z", "user": 17, "content_type": 4, "object_id": "3", "object_repr": "tom", "action_flag": 3, "change_message": ""}}, {"model": "auth.permission", "pk": 1, "fields": {"name": "Can add log entry", "content_type": 1, "codename": "add_logentry"}}, {"model": "auth.permission", "pk": 2, "fields": {"name": "Can change log entry", "content_type": 1, "codename": "change_logentry"}}, {"model": "auth.permission", "pk": 3, "fields": {"name": "Can delete log entry", "content_type": 1, "codename": "delete_logentry"}}, {"model": "auth.permission", "pk": 4, "fields": {"name": "Can view log entry", "content_type": 1, "codename": "view_logentry"}}, {"model": "auth.permission", "pk": 5, "fields": {"name": "Can add permission", "content_type": 2, "codename": "add_permission"}}, {"model": "auth.permission", "pk": 6, "fields": {"name": "Can change permission", "content_type": 2, "codename": "change_permission"}}, {"model": "auth.permission", "pk": 7, "fields": {"name": "Can delete permission", "content_type": 2, "codename": "delete_permission"}}, {"model": "auth.permission", "pk": 8, "fields": {"name": "Can view permission", "content_type": 2, "codename": "view_permission"}}, {"model": "auth.permission", "pk": 9, "fields": {"name": "Can add group", "content_type": 3, "codename": "add_group"}}, {"model": "auth.permission", "pk": 10, "fields": {"name": "Can change group", "content_type": 3, "codename": "change_group"}}, {"model": "auth.permission", "pk": 11, "fields": {"name": "Can delete group", "content_type": 3, "codename": "delete_group"}}, {"model": "auth.permission", "pk": 12, "fields": {"name": "Can view group", "content_type": 3, "codename": "view_group"}}, {"model": "auth.permission", "pk": 13, "fields": {"name": "Can add user", "content_type": 4, "codename": "add_user"}}, {"model": "auth.permission", "pk": 14, "fields": {"name": "Can change user", "content_type": 4, "codename": "change_user"}}, {"model": "auth.permission", "pk": 15, "fields": {"name": "Can delete user", "content_type": 4, "codename": "delete_user"}}, {"model": "auth.permission", "pk": 16, "fields": {"name": "Can view user", "content_type": 4, "codename": "view_user"}}, {"model": "auth.permission", "pk": 17, "fields": {"name": "Can add content type", "content_type": 5, "codename": "add_contenttype"}}, {"model": "auth.permission", "pk": 18, "fields": {"name": "Can change content type", "content_type": 5, "codename": "change_contenttype"}}, {"model": "auth.permission", "pk": 19, "fields": {"name": "Can delete content type", "content_type": 5, "codename": "delete_contenttype"}}, {"model": "auth.permission", "pk": 20, "fields": {"name": "Can view content type", "content_type": 5, "codename": "view_contenttype"}}, {"model": "auth.permission", "pk": 21, "fields": {"name": "Can add session", "content_type": 6, "codename": "add_session"}}, {"model": "auth.permission", "pk": 22, "fields": {"name": "Can change session", "content_type": 6, "codename": "change_session"}}, {"model": "auth.permission", "pk": 23, "fields": {"name": "Can delete session", "content_type": 6, "codename": "delete_session"}}, {"model": "auth.permission", "pk": 24, "fields": {"name": "Can view session", "content_type": 6, "codename": "view_session"}}, {"model": "auth.permission", "pk": 25, "fields": {"name": "Can add article", "content_type": 7, "codename": "add_article"}}, {"model": "auth.permission", "pk": 26, "fields": {"name": "Can change article", "content_type": 7, "codename": "change_article"}}, {"model": "auth.permission", "pk": 27, "fields": {"name": "Can delete article", "content_type": 7, "codename": "delete_article"}}, {"model": "auth.permission", "pk": 28, "fields": {"name": "Can view article", "content_type": 7, "codename": "view_article"}}, {"model": "auth.permission", "pk": 29, "fields": {"name": "Can add preference", "content_type": 8, "codename": "add_preference"}}, {"model": "auth.permission", "pk": 30, "fields": {"name": "Can change preference", "content_type": 8, "codename": "change_preference"}}, {"model": "auth.permission", "pk": 31, "fields": {"name": "Can delete preference", "content_type": 8, "codename": "delete_preference"}}, {"model": "auth.permission", "pk": 32, "fields": {"name": "Can view preference", "content_type": 8, "codename": "view_preference"}}, {"model": "auth.permission", "pk": 33, "fields": {"name": "Can add topic", "content_type": 9, "codename": "add_topic"}}, {"model": "auth.permission", "pk": 34, "fields": {"name": "Can change topic", "content_type": 9, "codename": "change_topic"}}, {"model": "auth.permission", "pk": 35, "fields": {"name": "Can delete topic", "content_type": 9, "codename": "delete_topic"}}, {"model": "auth.permission", "pk": 36, "fields": {"name": "Can view topic", "content_type": 9, "codename": "view_topic"}}, {"model": "auth.permission", "pk": 37, "fields": {"name": "Can add comment", "content_type": 10, "codename": "add_comment"}}, {"model": "auth.permission", "pk": 38, "fields": {"name": "Can change comment", "content_type": 10, "codename": "change_comment"}}, {"model": "auth.permission", "pk": 39, "fields": {"name": "Can delete comment", "content_type": 10, "codename": "delete_comment"}}, {"model": "auth.permission", "pk": 40, "fields": {"name": "Can view comment", "content_type": 10, "codename": "view_comment"}}, {"model": "auth.permission", "pk": 41, "fields": {"name": "Can add Token", "content_type": 11, "codename": "add_token"}}, {"model": "auth.permission", "pk": 42, "fields": {"name": "Can change Token", "content_type": 11, "codename": "change_token"}}, {"model": "auth.permission", "pk": 43, "fields": {"name": "Can delete Token", "content_type": 11, "codename": "delete_token"}}, {"model": "auth.permission", "pk": 44, "fields": {"name": "Can view Token", "content_type": 11, "codename": "view_token"}}, {"model": "auth.permission", "pk": 45, "fields": {"name": "Can add token", "content_type": 12, "codename": "add_tokenproxy"}}, {"model": "auth.permission", "pk": 46, "fields": {"name": "Can change token", "content_type": 12, "codename": "change_tokenproxy"}}, {"model": "auth.permission", "pk": 47, "fields": {"name": "Can delete token", "content_type": 12, "codename": "delete_tokenproxy"}}, {"model": "auth.permission", "pk": 48, "fields": {"name": "Can view token", "content_type": 12, "codename": "view_tokenproxy"}}, {"model": "auth.permission", "pk": 49, "fields": {"name": "Can add user profile", "content_type": 13, "codename": "add_userprofile"}}, {"model": "auth.permission", "pk": 50, "fields": {"name": "Can change user profile", "content_type": 13, "codename": "change_userprofile"}}, {"model": "auth.permission", "pk": 51, "fields": {"name": "Can delete user profile", "content_type": 13, "codename": "delete_userprofile"}}, {"model": "auth.permission", "pk": 52, "fields": {"name": "Can view user profile", "content_type": 13, "codename": "view_userprofile"}}, {"model": "auth.user", "pk": 1, "fields": {"password": "pbkdf2_sha256$600000$iVAMmnRnOUt9drZ7UWP1dE$iAwtqLVRbF8Z2Xlzf4pdRo+YUpZ4RMEou7w6LS0FE2E=", "last_login": "2023-11-21T13:09:36.125Z", "is_superuser": true, "username": "admin", "first_name": "Juliet", "last_name": "Capulet", "email": "", "is_staff": true, "is_active": true, "date_joined": "2023-10-16T18:52:43.377Z", "groups": [], "user_permissions": []}}, {"model": "auth.user", "pk": 17, "fields": {"password": "pbkdf2_sha256$600000$AxfcnZyHCV8o5GJZZM4WgZ$Br7hlXpMEz+ZCSHMpdfxHn5SlF93Y1jKkRBXF5UoJpg=", "last_login": "2023-12-08T19:04:08.863Z", "is_superuser": true, "username": "blogadmin", "first_name": "", "last_name": "", "email": "admin@gmail.com", "is_staff": true, "is_active": true, "date_joined": "2023-12-01T10:47:02.496Z", "groups": [], "user_permissions": []}}, {"model": "auth.user", "pk": 18, "fields": {"password": "pbkdf2_sha256$600000$X3Q2PSGVkkCurvapXAc5kI$Swkzc5qkwR29uu/4U+dhoHyr9OM/GVZbBv+/had56Pw=", "last_login": null, "is_superuser": false, "username": "mike", "first_name": "", "last_name": "", "email": "", "is_staff": false, "is_active": true, "date_joined": "2023-12-01T10:53:43.257Z", "groups": [], "user_permissions": []}}, {"model": "auth.user", "pk": 19, "fields": {"password": "pbkdf2_sha256$600000$ArPvTbNwGIqblcrw0K8kvp$wGbevxOUQ/7y2rJVWYMvVtNCrnz4Gn1/vmJM8fP0TVQ=", "last_login": null, "is_superuser": false, "username": "tom", "first_name": "", "last_name": "", "email": "", "is_staff": false, "is_active": true, "date_joined": "2023-12-03T11:40:55.135Z", "groups": [], "user_permissions": []}}, {"model": "contenttypes.contenttype", "pk": 1, "fields": {"app_label": "admin", "model": "logentry"}}, {"model": "contenttypes.contenttype", "pk": 2, "fields": {"app_label": "auth", "model": "permission"}}, {"model": "contenttypes.contenttype", "pk": 3, "fields": {"app_label": "auth", "model": "group"}}, {"model": "contenttypes.contenttype", "pk": 4, "fields": {"app_label": "auth", "model": "user"}}, {"model": "contenttypes.contenttype", "pk": 5, "fields": {"app_label": "contenttypes", "model": "contenttype"}}, {"model": "contenttypes.contenttype", "pk": 6, "fields": {"app_label": "sessions", "model": "session"}}, {"model": "contenttypes.contenttype", "pk": 7, "fields": {"app_label": "main", "model": "article"}}, {"model": "contenttypes.contenttype", "pk": 8, "fields": {"app_label": "main", "model": "preference"}}, {"model": "contenttypes.contenttype", "pk": 9, "fields": {"app_label": "main", "model": "topic"}}, {"model": "contenttypes.contenttype", "pk": 10, "fields": {"app_label": "main", "model": "comment"}}, {"model": "contenttypes.contenttype", "pk": 11, "fields": {"app_label": "authtoken", "model": "token"}}, {"model": "contenttypes.contenttype", "pk": 12, "fields": {"app_label": "authtoken", "model": "tokenproxy"}}, {"model": "contenttypes.contenttype", "pk": 13, "fields": {"app_label": "main", "model": "userprofile"}}, {"model": "sessions.session", "pk": "0hzf6xefnukmc32o9jkypp4wzy7trcg2", "fields": {"session_data": ".eJxVjEEOwiAQRe_C2pCBQhlduu8ZyMCAVA0kpV0Z765NutDtf-_9l_C0rcVvPS1-ZnERSpx-t0DxkeoO-E711mRsdV3mIHdFHrTLqXF6Xg_376BQL986DUqPgAMCBAzI6KyxmQgda3M2hiNpQkAHgyMdU8xsiUeVowMEY8X7A8ZBN24:1r5QTA:J__US4dWFHPTg9zeGY0i5vL3xlQBdFsImcPmoIdkS3k", "expire_date": "2023-12-05T13:07:12.794Z"}}, {"model": "sessions.session", "pk": "66kxt6si2xn80zaqxt9wve93till53ed", "fields": {"session_data": ".eJxVjEEOwiAQRe_C2pCBQhlduu8ZyMCAVA0kpV0Z765NutDtf-_9l_C0rcVvPS1-ZnERSpx-t0DxkeoO-E711mRsdV3mIHdFHrTLqXF6Xg_376BQL986DUqPgAMCBAzI6KyxmQgda3M2hiNpQkAHgyMdU8xsiUeVowMEY8X7A8ZBN24:1qsShy:_wWLQAVwGN8VpHBuEFTsMhUvBQ21jfKiVYC6hfEGhbU", "expire_date": "2023-10-30T18:52:54.038Z"}}, {"model": "sessions.session", "pk": "9gm8vonqjemupbxri8lt9rru330xz2g9", "fields": {"session_data": ".eJxVjEEOwiAQRe_C2pABSgdcuu8ZCDOgVA0kpV0Z765NutDtf-_9lwhxW0vYel7CnMRZKBSn35EiP3LdSbrHemuSW12XmeSuyIN2ObWUn5fD_TsosZdvTYRorFeQQGWDqIi9GyxqHrXynAF4YA9Exikg1AAjU4ra2GSdpqt4fwDl7jdc:1r9139:JZxq25NfBQflTc3iPUUzekWmAR7Uq1GPTdJFzg82--c", "expire_date": "2023-12-15T10:47:11.641Z"}}, {"model": "sessions.session", "pk": "i0vfezhaxqukvct2vn8309z32k4onc0h", "fields": {"session_data": ".eJxVjEEOwiAQRe_C2pCBQhlduu8ZyMCAVA0kpV0Z765NutDtf-_9l_C0rcVvPS1-ZnERSpx-t0DxkeoO-E711mRsdV3mIHdFHrTLqXF6Xg_376BQL986DUqPgAMCBAzI6KyxmQgda3M2hiNpQkAHgyMdU8xsiUeVowMEY8X7A8ZBN24:1qtxbZ:NX6SoYm2LwWbS-_dBmqC3518cLP09L77bLWUetjSpoM", "expire_date": "2023-11-03T22:04:29.666Z"}}, {"model": "sessions.session", "pk": "s2uqkao8gka32da05syua8xlf3cybk20", "fields": {"session_data": ".eJxVjEEOwiAQRe_C2pCBQhlduu8ZyMCAVA0kpV0Z765NutDtf-_9l_C0rcVvPS1-ZnERSpx-t0DxkeoO-E711mRsdV3mIHdFHrTLqXF6Xg_376BQL986DUqPgAMCBAzI6KyxmQgda3M2hiNpQkAHgyMdU8xsiUeVowMEY8X7A8ZBN24:1r19sq:lBhs9NA4HDpNcuaQtw0okcx2cLO80R71gUFTVDqipP0", "expire_date": "2023-11-23T18:36:04.441Z"}}, {"model": "sessions.session", "pk": "yyle11puo0ht8o6pmly3i3u9m8fv2741", "fields": {"session_data": ".eJxVjEEOwiAQRe_C2pCBQhlduu8ZyMCAVA0kpV0Z765NutDtf-_9l_C0rcVvPS1-ZnERSpx-t0DxkeoO-E711mRsdV3mIHdFHrTLqXF6Xg_376BQL986DUqPgAMCBAzI6KyxmQgda3M2hiNpQkAHgyMdU8xsiUeVowMEY8X7A8ZBN24:1r1V7v:FkgJ8HDO-C_qK-KsEWBGuKdsz-256cca2VRSXhONyqc", "expire_date": "2023-11-24T17:17:03.566Z"}}, {"model": "main.article", "pk": 1, "fields": {"title": "Exploring the Evolving Landscape of Web Development in the Age of Technology Trends", "content": "In today's fast-paced digital era, web development is at the forefront of technological innovation. As the world becomes increasingly interconnected, the landscape of web development has experienced a rapid and transformative evolution. In this article, we'll delve into how technology trends have been shaping the field of web development, and what the future holds for developers and the websites they create.\r\n\r\nThe Foundation: HTML, CSS, and JavaScript\r\n\r\nThe building blocks of web development have remained relatively consistent over the years. HTML (Hypertext Markup Language), CSS (Cascading Style Sheets), and JavaScript continue to be the essential trio for creating web pages. However, what has changed is the depth and complexity with which these core technologies are used.\r\n\r\nModern HTML has evolved to support semantic markup, which enhances the accessibility and search engine optimization of websites. CSS has advanced to facilitate responsive design, enabling web pages to adapt seamlessly to various devices and screen sizes. JavaScript, once primarily used for simple interactivity, has become a powerful language for building complex web applications and server-side development, thanks to technologies like Node.js.\r\n\r\nThe Rise of Frameworks and Libraries\r\n\r\nOne significant trend in web development is the proliferation of frameworks and libraries. These tools have greatly accelerated the development process, making it more efficient and robust. Popular front-end frameworks like React, Angular, and Vue.js have streamlined the creation of dynamic user interfaces, while back-end frameworks such as Ruby on Rails, Django, and Express.js have simplified server-side development.\r\n\r\nThe use of these frameworks and libraries has allowed developers to focus on building the unique features of their applications instead of reinventing the wheel with each project. This trend has led to faster development cycles and improved code quality.\r\n\r\nThe Shift to Progressive Web Apps (PWAs)\r\n\r\nProgressive Web Apps (PWAs) represent another key trend in web development. PWAs combine the best features of web and mobile apps, offering a seamless user experience regardless of the device or network conditions. They provide offline access, push notifications, and high performance, bridging the gap between traditional websites and native mobile applications.\r\n\r\nThe rise of PWAs is a response to the changing expectations of users. People now demand faster load times, smoother interactions, and the ability to use web applications even when they're offline. As a result, developers are increasingly embracing the PWA approach to create more engaging and reliable web experiences.\r\n\r\nEmbracing Serverless Architecture\r\n\r\nServerless architecture is yet another trend reshaping the web development landscape. It offers a cloud-based approach to building and running applications without the need to manage servers. Serverless platforms like AWS Lambda, Azure Functions, and Google Cloud Functions allow developers to focus solely on code, without the complexities of infrastructure management.\r\n\r\nServerless technology has made it easier to build scalable, cost-effective, and low-maintenance web applications. Developers can allocate their resources more efficiently, resulting in reduced operational overhead and enhanced scalability.\r\n\r\nThe Impact of Artificial Intelligence and Machine Learning\r\n\r\nArtificial intelligence (AI) and machine learning (ML) are having a profound impact on web development. These technologies are being used to create smarter, more personalized user experiences. Chatbots, recommendation engines, and content analysis tools are just a few examples of how AI and ML are enhancing web applications.\r\n\r\nFurthermore, AI-driven development tools are making coding more accessible and efficient. Auto-generating code, providing intelligent suggestions, and automating testing processes are just some of the ways AI is simplifying the development workflow.\r\n\r\nSecurity and Privacy Concerns\r\n\r\nAs web applications become more complex and data-driven, security and privacy concerns are growing. Cybersecurity threats, data breaches, and privacy regulations have forced developers to prioritize the security of their applications. Technologies like HTTPS, Content Security Policy (CSP), and secure authentication mechanisms are being implemented to protect user data and ensure the confidentiality and integrity of web applications.\r\n\r\nConclusion\r\n\r\nThe world of web development is constantly evolving, shaped by technology trends that empower developers to create faster, more secure, and highly engaging web applications. The use of modern technologies, frameworks, and libraries has made web development more efficient and accessible, while the rise of PWAs, serverless architecture, and AI-driven tools has enhanced the overall user experience. However, as web development continues to evolve, so do the challenges of security and privacy, making it essential for developers to stay informed and adapt to the ever-changing landscape of web development. The future holds even more exciting possibilities as technology trends continue to drive innovation in this dynamic field.", "created_at": "2023-10-16T18:59:51.188Z", "updated_at": "2023-10-16T18:59:51.188Z", "author": 1, "topics": [1, 2]}}, {"model": "main.article", "pk": 2, "fields": {"title": "The Convergence of Cybersecurity, Cloud Computing, and DevOps: Building Secure and Agile Systems", "content": "In an era of rapid technological advancements, the convergence of cybersecurity, cloud computing, and DevOps is revolutionizing the way we design, build, and maintain digital systems. This convergence represents a critical shift towards building secure, agile, and efficient systems in a world where the digital landscape is evolving at an unprecedented pace.\r\n\r\nThe Dynamics of the Convergence\r\n\r\nCybersecurity: The Shield for the Digital World\r\nCybersecurity is no longer an afterthought but an integral part of the development process. The increasing frequency and sophistication of cyberattacks have made security a top priority for businesses and organizations. This shift has led to the adoption of a proactive security approach, integrating security measures into every aspect of system development.\r\n\r\nDevOps practices, with their emphasis on collaboration, continuous integration, and continuous delivery, align well with this proactive approach. Security is no longer seen as an obstacle but as an enabler of innovation. DevSecOps, an extension of DevOps, seamlessly weaves security into the development pipeline, ensuring that security is not sacrificed for speed.\r\n\r\nCloud Computing: The Enabler of Scalability and Flexibility\r\nThe cloud has fundamentally changed the way businesses and organizations manage their infrastructure. Cloud computing offers unparalleled scalability and flexibility, enabling companies to adapt to changing workloads and requirements. However, the cloud also introduces new security challenges, especially as data and applications move beyond the traditional perimeter of the data center.\r\n\r\nTo address these challenges, cloud security tools and practices have become essential components of the DevOps pipeline. Infrastructure as Code (IaC) is one such example. It allows teams to automate the provisioning and configuration of cloud resources while ensuring that security measures are consistently applied.\r\n\r\nDevOps: The Bridge Between Speed and Security\r\nDevOps, often viewed as a cultural shift, has played a pivotal role in aligning development and operations teams, breaking down silos, and accelerating software delivery. Yet, the convergence of DevOps with cybersecurity and cloud computing has given rise to a new paradigm that reconciles agility and security.\r\n\r\nAutomation in the DevOps pipeline is a key driver for this convergence. Automated testing, code scanning, and deployment pipelines not only reduce human error but also enhance security. Continuous monitoring and feedback loops in DevOps enable teams to identify and address security vulnerabilities early in the development process, reducing the exposure to potential threats.\r\n\r\nThe Benefits of Convergence\r\n\r\nThe merging of these three domains brings about several benefits:\r\n\r\n1. Enhanced Security\r\nThe proactive inclusion of security in the development process minimizes vulnerabilities and reduces the attack surface, resulting in more robust systems.\r\n\r\n2. Agile and Scalable Systems\r\nBy leveraging cloud computing and DevOps, organizations can quickly adapt to changing needs, ensuring their systems remain agile and scalable.\r\n\r\n3. Faster Delivery\r\nDevOps practices, integrated with security measures, accelerate the software development lifecycle, allowing businesses to release new features and updates more rapidly.\r\n\r\n4. Cost-Efficiency\r\nCloud computing's pay-as-you-go model optimizes resource allocation, reducing unnecessary costs.\r\n\r\n5. Compliance\r\nThe convergence also aids in meeting regulatory and compliance requirements by ensuring that security and best practices are baked into the system architecture from the start.\r\n\r\nChallenges and Considerations\r\n\r\nWhile the convergence of cybersecurity, cloud computing, and DevOps is promising, it comes with its own set of challenges. Ensuring that security measures don't impede agility is an ongoing concern. Moreover, the need for skilled professionals well-versed in all three domains is essential for successful implementation.\r\n\r\nConclusion\r\n\r\nThe convergence of cybersecurity, cloud computing, and DevOps represents a holistic approach to building secure, agile, and efficient systems in a rapidly evolving digital landscape. As businesses and organizations continue to adapt to new technologies and respond to evolving cyber threats, this convergence will play a central role in the success of digital initiatives. It is not merely a trend but a fundamental shift towards a more secure and dynamic digital future. Embracing this convergence is not just a choice; it's a necessity for those who want to thrive in the age of digital transformation.", "created_at": "2023-10-16T19:02:12.809Z", "updated_at": "2023-10-16T19:02:12.809Z", "author": 1, "topics": [8, 4, 6]}}, {"model": "main.article", "pk": 3, "fields": {"title": "Driving Innovation and Efficiency: The Synergy of Agile Methodology and the Internet of Things (IoT)", "content": "In the era of relentless technological advancement, the amalgamation of Agile methodology and the Internet of Things (IoT) is propelling businesses and industries into an era of unprecedented innovation and efficiency. This collaboration is not merely a convergence of two trends, but a powerhouse of potential that can redefine the way we design, develop, and deliver products and services.\r\n\r\nThe Agile Methodology: A Paradigm Shift in Project Management\r\n\r\nAgile methodology, originally developed for software development, has become the go-to framework for project management across various industries. It emphasizes collaboration, flexibility, and the continuous delivery of high-quality products and services. Agile embraces change, values customer feedback, and enables teams to adapt swiftly to evolving requirements.\r\n\r\nThe core principles of Agile include:\r\n\r\nCustomer Collaboration Over Contract Negotiation: Agile prioritizes customer needs and feedback over rigid contracts, ensuring that products and services are customer-centric.\r\nResponding to Change Over Following a Plan: Agile acknowledges that change is inevitable, and it equips teams to respond to change swiftly, maintaining a high level of flexibility.\r\nDelivering Functional Products Frequently: Agile promotes the early and continuous delivery of valuable software, ensuring that products remain aligned with customer needs.\r\nThe Internet of Things (IoT): Transforming Connectivity and Data\r\n\r\nThe Internet of Things is the network of physical devices, vehicles, appliances, and other items embedded with sensors, software, and network connectivity that allows them to collect and exchange data. This technology has transformed the way we interact with and control our physical surroundings.\r\n\r\nThe IoT has several key components:\r\n\r\nSensors and Devices: These are the physical objects equipped with sensors and communication hardware.\r\nConnectivity: IoT devices are connected to the internet or other networks, enabling them to send and receive data.\r\nData Processing: The data collected by IoT devices is processed and analyzed to derive valuable insights.\r\nAction: Based on the insights gained from IoT data, actions can be taken automatically or by humans.\r\nThe Synergy of Agile and IoT\r\n\r\n1. Rapid Prototyping and Iteration\r\nAgile's iterative approach is perfectly aligned with the IoT development process. IoT projects can involve a multitude of interconnected devices and sensors, making rapid prototyping and iterative development critical. Agile allows teams to build a Minimum Viable Product (MVP) quickly, receive feedback, and refine the product with each iteration.\r\n\r\n2. Continuous Feedback\r\nIoT devices generate massive amounts of data. Agile methodologies enable teams to harness this data for continuous improvement. Through real-time monitoring and feedback loops, IoT solutions can be optimized for better performance and user experience.\r\n\r\n3. Flexibility in Changing Requirements\r\nAs IoT projects evolve, requirements often change due to technological advancements and market demands. Agile's adaptive nature ensures that IoT projects can easily accommodate these changes without causing extensive delays or disruptions.\r\n\r\n4. Customer-Centric Development\r\nThe IoT is fundamentally about improving people's lives and business operations through connectivity and data. Agile's customer-centric focus ensures that IoT solutions are designed and developed with the end-users in mind, leading to more impactful and relevant innovations.\r\n\r\n5. Cross-Functional Collaboration\r\nIoT projects often involve multidisciplinary teams, including hardware engineers, software developers, data scientists, and domain experts. Agile's emphasis on cross-functional collaboration facilitates efficient communication and knowledge sharing among team members with diverse skill sets.\r\n\r\nCase Studies\r\n\r\nSeveral industries have already harnessed the power of Agile and IoT synergy:\r\n\r\nSmart Manufacturing: IoT sensors in manufacturing equipment collect real-time data, while Agile development allows for quick adjustments to optimize production processes.\r\nHealthcare: Wearable IoT devices are integrated into Agile development cycles to create responsive and patient-centric healthcare solutions.\r\nAgriculture: IoT-driven precision agriculture systems are continually improved through Agile methodologies to enhance crop yield and resource efficiency.\r\nConclusion\r\n\r\nThe synergy between Agile methodology and the Internet of Things is driving a profound transformation in the way businesses and industries innovate and operate. This collaboration enables rapid development, continuous improvement, flexibility, and customer-centric solutions in an increasingly connected world. The convergence of Agile and IoT isn't merely a trend but a strategy for businesses and organizations to remain competitive and innovative in the digital age. It's a powerful approach that will continue to shape the future of technology and industry.", "created_at": "2023-10-16T19:04:01.483Z", "updated_at": "2023-11-12T22:31:04.263Z", "author": 1, "topics": [9, 10]}}, {"model": "main.article", "pk": 4, "fields": {"title": "The Intersection of UX/UI Design and Technology Trends: Enhancing User Experiences in the Digital Age", "content": "In the digital age, user experience (UX) and user interface (UI) design have become more critical than ever. As technology continues to evolve at an unprecedented pace, the intersection of UX/UI design and technology trends has opened new doors for creating digital experiences that are not only visually appealing but also highly functional, intuitive, and user-centric. This synergy is shaping the way we interact with digital products and services, enhancing our daily lives in countless ways.\r\n\r\nUnderstanding UX and UI Design\r\n\r\nBefore delving into the impact of technology trends, it's crucial to understand the roles of UX and UI design.\r\n\r\nUser Experience (UX) Design: UX design focuses on the overall experience a user has with a digital product, application, or website. It involves a deep understanding of user needs, usability, accessibility, and functionality. The goal of UX design is to ensure that users can achieve their goals effectively and enjoyably.\r\nUser Interface (UI) Design: UI design is more concerned with the visual and interactive elements of a digital product. It involves designing the layout, appearance, and interaction components to ensure that the product is visually appealing and user-friendly.\r\nWhile UX and UI design are distinct, they are intrinsically linked. A great user interface should support and enhance the overall user experience.\r\n\r\nThe Impact of Technology Trends\r\n\r\n1. Mobile-First and Responsive Design\r\nThe proliferation of mobile devices has fundamentally changed the way we access digital content. With mobile devices becoming the primary medium for online interaction, designers have shifted towards mobile-first and responsive design. This approach ensures that digital products are optimized for mobile devices while maintaining usability on larger screens. Responsive design leverages technologies like HTML5 and CSS3 to create fluid layouts that adapt to different screen sizes and orientations.\r\n\r\n2. AI and Personalization\r\nArtificial Intelligence (AI) and machine learning are enabling more personalized user experiences. AI algorithms analyze user behavior and preferences to tailor content, recommendations, and interfaces. From personalized content feeds on social media to product recommendations on e-commerce sites, AI-driven personalization is transforming how users interact with digital platforms.\r\n\r\n3. Voice User Interfaces (VUI)\r\nVoice-controlled interfaces, like those used in virtual assistants (e.g., Siri, Alexa, Google Assistant), are changing the way we interact with technology. UX/UI designers are tasked with creating voice interactions that are intuitive, user-friendly, and responsive. Natural language processing and voice recognition technologies play a pivotal role in this trend.\r\n\r\n4. Augmented and Virtual Reality\r\nAugmented reality (AR) and virtual reality (VR) technologies are taking UX/UI design into new dimensions. These immersive experiences require innovative interface design to create intuitive and enjoyable interactions. Designers must consider spatial design, 3D modeling, and gesture-based controls to make AR and VR applications user-friendly.\r\n\r\n5. Minimalism and Microinteractions\r\nMinimalist design is a response to the overload of information in the digital age. It's about simplifying interfaces, focusing on essential elements, and decluttering the user experience. Microinteractions, on the other hand, are subtle animations and feedback mechanisms that enhance the overall user experience. Both trends contribute to more user-friendly and aesthetically pleasing designs.\r\n\r\nFuture Directions\r\n\r\nAs technology trends continue to evolve, UX/UI design will adapt and evolve alongside them. Anticipated trends in UX/UI design include:\r\n\r\nGesture-Based Interactions: With the growing prevalence of touchscreens and gesture recognition, designers will need to create intuitive and efficient gesture-based interactions.\r\nEthical Design: There will be an increased focus on ethical design, with designers prioritizing user privacy and data security.\r\nEmotion-Driven Design: Understanding and catering to user emotions will become more common in design, creating emotionally engaging user experiences.\r\nAccessibility: An increased emphasis on creating designs that are inclusive and accessible to all users.\r\nConclusion\r\n\r\nThe intersection of UX/UI design and technology trends is an exciting space where innovation and user-centric design come together. As technology evolves, the role of UX/UI designers becomes even more crucial in ensuring that digital products and services provide exceptional user experiences. The future of UX/UI design promises to be a dynamic and transformative journey, shaping the digital experiences of tomorrow.", "created_at": "2023-10-16T19:05:31.204Z", "updated_at": "2023-10-16T19:05:31.204Z", "author": 1, "topics": [2, 7]}}, {"model": "main.article", "pk": 5, "fields": {"title": "Navigating the Ever-Evolving World of Web Development: Trends, Technologies, and Best Practices", "content": "In the fast-paced realm of web development, staying up-to-date with the latest trends, technologies, and best practices is not just a choice but a necessity. With technology continuously advancing, web developers must adapt to the ever-evolving landscape to create modern, efficient, and secure websites and applications. In this article, we'll explore the current state of web development and highlight the key trends, technologies, and best practices that are shaping the industry.\r\n\r\nThe Dynamic World of Web Development\r\n\r\nWeb development is a field in perpetual motion, driven by changing user expectations, evolving internet standards, and technological breakthroughs. Keeping pace with these changes is essential for developers who want to build competitive and future-proof web solutions.\r\n\r\nCurrent Trends in Web Development\r\n\r\n1. Progressive Web Apps (PWAs)\r\nPWAs offer the best of both worlds: the reach of the web and the performance of native apps. These web applications provide a seamless user experience with features like offline access, push notifications, and fast load times. PWAs are becoming increasingly popular as they bridge the gap between traditional websites and mobile apps.\r\n\r\n2. Single Page Applications (SPAs)\r\nSPAs load a single HTML page and dynamically update content as the user interacts with the app. Frameworks like React, Angular, and Vue.js have made SPAs more accessible and are widely adopted for building responsive and interactive web applications.\r\n\r\n3. Serverless Architecture\r\nServerless computing allows developers to focus solely on writing code without managing server infrastructure. Services like AWS Lambda, Azure Functions, and Google Cloud Functions have gained prominence for their scalability and cost-efficiency.\r\n\r\n4. Voice User Interfaces (VUI)\r\nAs voice-controlled devices and virtual assistants become more prevalent, VUIs are becoming a hot trend in web development. Designing for voice interaction is challenging and exciting, offering a new way to engage users.\r\n\r\n5. WebAssembly\r\nWebAssembly is a binary instruction format that enables high-performance execution of code in web browsers. It's revolutionizing web development by allowing developers to write code in languages like C, C++, and Rust and run it in web browsers with near-native performance.\r\n\r\nEmerging Technologies in Web Development\r\n\r\n1. 5G Connectivity\r\nThe rollout of 5G networks is poised to revolutionize web development by providing faster, more reliable internet connections. This enables the creation of richer web experiences with high-quality multimedia content.\r\n\r\n2. Artificial Intelligence (AI) and Machine Learning\r\nAI and machine learning technologies are being used to enhance user experiences through personalized content, recommendation engines, chatbots, and improved search functionality.\r\n\r\n3. Web 3.0 and Blockchain\r\nWeb 3.0 envisions a decentralized and user-centric internet. Blockchain technology is key to achieving this vision, offering secure and transparent solutions for identity management, data storage, and smart contracts.\r\n\r\n4. Cybersecurity Advancements\r\nAs cyber threats continue to evolve, web developers must stay on top of the latest security technologies and best practices. This includes implementing HTTPS, Content Security Policy (CSP), and secure authentication mechanisms.\r\n\r\nBest Practices for Web Development\r\n\r\nResponsive Design: Ensure your websites and applications are responsive and adapt to various screen sizes and devices.\r\nPerformance Optimization: Prioritize fast load times and efficient code to keep users engaged and improve search engine rankings.\r\nAccessibility: Make your web content accessible to all users, including those with disabilities.\r\nCode Quality and Testing: Follow coding standards, conduct thorough testing, and embrace continuous integration and continuous deployment (CI/CD) practices.\r\nUser-Centric Design: Put users at the center of your development process, focusing on their needs, expectations, and feedback.\r\nConclusion\r\n\r\nWeb development is a dynamic and ever-evolving field where adaptation and innovation are key to success. Staying current with the latest trends and technologies, while adhering to best practices, is essential for creating web solutions that are not just functional but also competitive and future-proof. The landscape of web development continues to transform, offering exciting opportunities for developers to craft the next generation of online experiences.", "created_at": "2023-10-16T19:06:25.205Z", "updated_at": "2023-10-16T19:06:25.206Z", "author": 1, "topics": [1]}}, {"model": "main.article", "pk": 6, "fields": {"title": "Synergizing Data Science, Cybersecurity, and Mobile App Development: Unlocking the Power of Secure and Data-Driven Mobile Experiences", "content": "In today's digital landscape, mobile applications have become an integral part of our daily lives. These apps serve various purposes, from facilitating communication and entertainment to enhancing productivity and simplifying tasks. However, as mobile apps collect and process sensitive data, the need for security, data-driven insights, and a seamless user experience has never been greater. This article explores the synergy between data science, cybersecurity, and mobile app development, showcasing how this convergence unlocks secure and data-driven mobile experiences.\r\n\r\nThe Significance of Mobile App Development\r\n\r\nMobile apps have evolved from being simple tools to complex platforms that cater to a wide range of user needs. Businesses, organizations, and individuals leverage mobile apps to reach their audiences, manage tasks, and extract valuable insights from data. To ensure that these apps are both secure and capable of providing data-driven experiences, it's crucial to incorporate data science and cybersecurity into the development process.\r\n\r\nData Science and Mobile Apps\r\n\r\nData science is the key to extracting meaningful insights from the vast amount of data generated by mobile apps. Here's how it integrates with mobile app development:\r\n\r\n1. User Analytics: Data science enables the collection and analysis of user data, helping developers understand how users interact with the app. This information can be used to enhance the user experience and optimize the app's functionality.\r\n2. Predictive Analytics: Predictive modeling and machine learning can be employed to forecast user behavior, personalize content, and improve app recommendations.\r\n3. Data-Driven Decision Making: Data science provides valuable data-driven insights to make informed decisions during the development process and future updates.\r\nCybersecurity and Mobile Apps\r\n\r\nWith the growing concerns about data breaches and privacy, cybersecurity is paramount in mobile app development. Cybersecurity safeguards the app and user data against threats and vulnerabilities:\r\n\r\n1. Data Encryption: Implement robust encryption protocols to protect data both in transit and at rest.\r\n2. Authentication and Authorization: Employ secure authentication methods and define proper authorization levels to control access to app features and data.\r\n3. Secure Coding Practices: Follow secure coding guidelines to prevent common vulnerabilities like SQL injection, cross-site scripting (XSS), and others.\r\n4. Regular Security Audits: Conduct regular security audits, penetration testing, and vulnerability assessments to identify and address potential security issues.\r\nSynergy in Action\r\n\r\nWhen data science and cybersecurity are integrated into the mobile app development process, a series of benefits emerge:\r\n\r\nEnhanced User Experience: Data-driven insights allow developers to tailor the app's features and content to user preferences, resulting in a more engaging and personalized experience.\r\nImproved App Performance: Predictive analytics can optimize app performance, ensuring smooth user interactions.\r\nData Security: Robust cybersecurity measures safeguard user data, maintaining trust and compliance with privacy regulations.\r\nFraud Detection: Data science can detect anomalous user behavior and potential fraud, enhancing app security.\r\nBusiness Intelligence: Data-driven insights provide valuable business intelligence, allowing organizations to make strategic decisions.\r\nBest Practices\r\n\r\nTo achieve the synergy between data science, cybersecurity, and mobile app development, consider the following best practices:\r\n\r\nCross-Disciplinary Collaboration: Encourage collaboration between data scientists, app developers, and cybersecurity experts throughout the development cycle.\r\nUser Data Privacy: Prioritize user data privacy and ensure that app data collection and processing adhere to relevant regulations.\r\nContinuous Monitoring: Continuously monitor app performance, security, and user engagement, making improvements based on real-time data insights.\r\nRegular Updates: Keep the app updated with the latest security patches and data analysis enhancements.\r\nConclusion\r\n\r\nThe synergy of data science, cybersecurity, and mobile app development is the key to creating secure, data-driven mobile experiences. This convergence empowers app developers to offer more personalized and efficient user experiences while safeguarding user data and maintaining the highest standards of security. As the mobile app landscape continues to evolve, integrating data science and cybersecurity is not just a trend but an essential strategy for success in the digital age.", "created_at": "2023-10-16T19:07:26.666Z", "updated_at": "2023-10-16T19:07:26.666Z", "author": 1, "topics": [3, 4, 5]}}, {"model": "main.article", "pk": 7, "fields": {"title": "Securing the Digital Frontier: Cybersecurity Strategies and Best Practices", "content": "<p>The digital frontier, which encompasses the vast landscape of the internet and digital technologies, is a space of\r\n    endless possibilities and innovations. However, it's also a frontier fraught with challenges and threats. As we\r\n    navigate this digital wilderness, the importance of robust cybersecurity strategies and best practices cannot be\r\n    overstated. This article delves into the critical importance of securing the digital frontier and explores the\r\n    strategies and best practices that organizations and individuals should adopt.</p>\r\n\r\n<h4>The Digital Frontier: A World of Opportunity and Threat</h4>\r\n\r\n<p>The digital frontier is characterized by its limitless potential for innovation, connectivity, and information\r\n    sharing. It has revolutionized the way we work, communicate, and access information. From cloud computing and\r\n    e-commerce to social media and the Internet of Things (IoT), the digital frontier has reshaped our world.</p>\r\n\r\n<p>However, alongside these opportunities, the digital frontier has also become a breeding ground for malicious actors.\r\n    Cyberattacks, data breaches, ransomware, and other cyber threats are ever-present. The consequences of these attacks\r\n    can be devastating, ranging from financial losses to reputational damage and the compromise of sensitive data.</p>\r\n\r\n<h4>The Imperative of Cybersecurity</h4>\r\n\r\n<p>Securing the digital frontier is a critical imperative for several reasons:</p>\r\n\r\n<p><strong>Protecting Sensitive Data:</strong> In an era where data is the new gold, organizations and individuals must\r\n    protect their sensitive information from unauthorized access.</p>\r\n<p><strong>Safeguarding Privacy:</strong> With the increasing digitization of our lives, the privacy of individuals is\r\n    at risk. Cybersecurity measures are essential to preserving personal and sensitive information.</p>\r\n<p><strong>Ensuring Business Continuity:</strong> For organizations, cybersecurity is vital for ensuring uninterrupted\r\n    business operations. A successful cyberattack can bring a business to a standstill.</p>\r\n<p><strong>Preventing Financial Loss:</strong> Cyberattacks can result in substantial financial losses, from theft of\r\n    funds to the costs of resolving an attack.</p>\r\n<p><strong>Preserving Trust:</strong> Trust is paramount in the digital age. Effective cybersecurity measures build and\r\n    maintain trust with users and customers.</p>\r\n<h4>Cybersecurity Strategies</h4>\r\n<ol>\r\n    <li>Risk Assessment: Start by identifying and assessing potential risks. Understand the vulnerabilities and threats\r\n        specific to your organization or digital presence.</li>\r\n    <li>Data Protection: Encrypt sensitive data, both in transit and at rest. Implement data access controls and user\r\n        authentication mechanisms.</li>\r\n    <li>Regular Updates: Keep all software and systems up to date with the latest security patches. Outdated software is\r\n        a common entry point for cyberattacks.</li>\r\n    <li>Employee Training: Educate employees about cybersecurity best practices, as human error is a leading cause of\r\n        breaches.</li>\r\n    <li>Multi-Factor Authentication (MFA): Implement MFA wherever possible to add an extra layer of security.</li>\r\n    <li>Incident Response Plan: Develop and regularly test an incident response plan to ensure a swift and effective\r\n        response in case of a security breach.</li>\r\n    <li>Security Audits and Penetration Testing: Regularly audit security measures and perform penetration testing to\r\n        identify and rectify vulnerabilities.</li>\r\n</ol>\r\n<h4>Best Practices</h4>\r\n<ol>\r\n    <li>Strong Passwords: Enforce the use of strong, unique passwords. Consider a password manager to keep track of\r\n        them.</li>\r\n    <li>Backups: Regularly back up critical data and systems. In the event of a cyber incident, you'll have a clean copy\r\n        of your data.</li>\r\n    <li>Firewalls and Antivirus Software: Install and update firewalls and antivirus software to block malware and other\r\n        threats.</li>\r\n    <li>Phishing Awareness: Train employees to recognize and avoid phishing attempts.</li>\r\n    <li>Secure Wi-Fi: Protect your Wi-Fi network with strong passwords and encryption to prevent unauthorized access.</li>\r\n    <li>Regular Monitoring: Continuously monitor your digital assets for suspicious activity.</li>\r\n    <li>Compliance: Ensure compliance with relevant data protection and privacy regulations.</li>\r\n</ol>\r\n\r\n<h4>Conclusion</h4>\r\n<p>\r\n    Securing the digital frontier is an ongoing journey, and it requires diligence and adaptability. As technology\r\n    evolves, so do cyber threats. It's crucial for organizations and individuals to stay informed, proactive, and\r\n    resilient in the face of these challenges. Cybersecurity is not merely a defense; it's a proactive strategy to\r\n    safeguard the digital world and protect what matters most in the age of technology.</p>", "created_at": "2023-10-16T19:08:31.461Z", "updated_at": "2023-11-24T16:00:01.531Z", "author": 1, "topics": [4]}}, {"model": "main.article", "pk": 8, "fields": {"title": "Freshly created article", "content": "Absolutely fantastic content", "created_at": "2023-10-20T12:58:07.034Z", "updated_at": "2023-10-20T12:58:07.034Z", "author": 1, "topics": [10, 4]}}, {"model": "main.article", "pk": 9, "fields": {"title": "Freshly created article", "content": "Absolutely fantastic content", "created_at": "2023-10-20T13:02:31.554Z", "updated_at": "2023-10-20T13:02:31.554Z", "author": 1, "topics": [10, 4]}}, {"model": "main.article", "pk": 10, "fields": {"title": "Freshest article", "content": "Content", "created_at": "2023-10-20T19:07:53.456Z", "updated_at": "2023-10-20T19:07:53.456Z", "author": 1, "topics": [9, 3]}}, {"model": "main.article", "pk": 11, "fields": {"title": "New article", "content": "Never give up", "created_at": "2023-11-10T15:24:00.817Z", "updated_at": "2023-11-12T22:37:28.188Z", "author": 1, "topics": []}}, {"model": "main.article", "pk": 21, "fields": {"title": "great new article", "content": "great new content", "created_at": "2023-12-01T12:20:54.853Z", "updated_at": "2023-12-01T12:20:54.853Z", "author": 17, "topics": []}}, {"model": "main.article", "pk": 25, "fields": {"title": "Article New", "content": "Blasting shocking fantastic content", "created_at": "2023-12-03T12:13:40.572Z", "updated_at": "2023-12-03T12:29:58.169Z", "author": 19, "topics": [2, 3]}}, {"model": "main.topic", "pk": 1, "fields": {"title": "Web Development", "description": "In this series of articles, we delve into the multifaceted world of web development. Discover the latest trends, technologies, and best practices for creating modern, responsive, and user-friendly websites. Stay informed about the evolving web development"}}, {"model": "main.topic", "pk": 2, "fields": {"title": "Technology Trends", "description": "This series explores the ever-evolving landscape of technology trends. From artificial intelligence and blockchain to quantum computing and beyond, these articles delve into the cutting-edge innovations that are shaping the future of business, society, a"}}, {"model": "main.topic", "pk": 3, "fields": {"title": "Data Science", "description": "This series of articles uncovers the fascinating world of data science. Delve into the art of data analysis, machine learning, and the impact of data-driven decisions on diverse industries. Explore the latest trends, tools, and methodologies that empower"}}, {"model": "main.topic", "pk": 4, "fields": {"title": "Cybersecurity", "description": "This collection of articles delves deep into the domain of cybersecurity, examining its critical role in safeguarding digital assets and privacy. Explore various aspects, from threat detection and prevention to best practices, and stay informed about the"}}, {"model": "main.topic", "pk": 5, "fields": {"title": "Mobile Web Development", "description": "This series explores the dynamic world of mobile web development. Discover the latest trends, tools, and best practices for creating responsive and engaging web experiences for mobile devices, and how it's shaping the future of digital interaction."}}, {"model": "main.topic", "pk": 6, "fields": {"title": "Cloud Computing", "description": "In this series of articles, we unravel the complexities of cloud computing, covering its models, services, and impact on various industries. Dive into the cloud's transformative power, scalability, and how it's reshaping the digital landscape."}}, {"model": "main.topic", "pk": 7, "fields": {"title": "UX/UI Design", "description": "This collection of articles delves into the realm of User Experience (UX) and User Interface (UI) design. Explore topics such as design principles, trends, usability, and the symbiotic relationship between aesthetics and user satisfaction."}}, {"model": "main.topic", "pk": 8, "fields": {"title": "DevOps", "description": "In this series, we explore the world of DevOps, delving into its principles, tools, and practices that bridge the gap between development and operations. These articles shed light on how DevOps streamlines workflows, improves collaboration, and accelerate"}}, {"model": "main.topic", "pk": 9, "fields": {"title": "Agile Methodology", "description": "This series of articles provides in-depth insights into Agile methodology, covering its principles, practices, and applications in software development, project management, and business. Learn how Agile fosters adaptability, collaboration, and efficiency."}}, {"model": "main.topic", "pk": 10, "fields": {"title": "Internet of Things(IoT)", "description": "This collection of articles delves into the world of IoT, exploring its applications, impact on various industries, security challenges, and the future of a more connected and data-driven world."}}, {"model": "main.preference", "pk": 3, "fields": {"subscriber": 19, "topic": 7, "notification": false}}, {"model": "main.comment", "pk": 1, "fields": {"message": "Great!", "article": 7, "created_at": "2023-10-16T19:12:47.419Z", "author": 1, "comment": null}}, {"model": "main.comment", "pk": 2, "fields": {"message": "\"Informative and Timely Article\" This article does a great job of highlighting the urgency and importance of cybersecurity in today's digital landscape. The strategies and best practices outlined here are not just practical but essential for anyone operating in the digital realm. Excellent read!", "article": 7, "created_at": "2023-10-16T19:13:57.730Z", "author": 1, "comment": null}}, {"model": "main.comment", "pk": 3, "fields": {"message": "\"Cybersecurity Is Everyone's Responsibility\" It's important to emphasize that cybersecurity isn't just the responsibility of IT departments. This article rightly points out that individual users play a crucial role in maintaining a secure digital environment. We all need to be aware and proactive in protecting our data and privacy.", "article": 7, "created_at": "2023-10-16T19:14:25.803Z", "author": 1, "comment": null}}, {"model": "main.comment", "pk": 4, "fields": {"message": "\"Thorough and Actionable Tips\" The article provides a comprehensive list of cybersecurity strategies and best practices. What's great is that it doesn't just identify the issues; it offers actionable steps that individuals and organizations can take to bolster their security. Very practical advice.", "article": 7, "created_at": "2023-10-16T19:14:55.157Z", "author": 1, "comment": null}}, {"model": "main.comment", "pk": 5, "fields": {"message": "\"Data Protection is Paramount\" The emphasis on data protection cannot be overstated. With data breaches becoming increasingly common, safeguarding sensitive information should be a top priority for everyone. Encryption, backups, and user access controls are indeed essential components of a robust cybersecurity strategy.", "article": 7, "created_at": "2023-10-16T19:15:20.476Z", "author": 1, "comment": null}}, {"model": "main.comment", "pk": 6, "fields": {"message": "\"Incredible Insights on Integration\" This article does a remarkable job of explaining the crucial synergy between data science, cybersecurity, and mobile app development. The way it highlights the integration of these fields to create secure and data-driven mobile experiences is enlightening.", "article": 6, "created_at": "2023-10-16T19:16:14.863Z", "author": 1, "comment": null}}, {"model": "main.comment", "pk": 7, "fields": {"message": "\"Data-Driven Personalization\" The concept of using data science for personalized mobile experiences is fascinating. It makes me appreciate the potential for mobile apps to truly understand and cater to individual user preferences.", "article": 7, "created_at": "2023-10-16T19:16:32.356Z", "author": 1, "comment": null}}, {"model": "main.comment", "pk": 8, "fields": {"message": "\"WebAssembly's Potential\" The discussion on WebAssembly is particularly intriguing. It has the potential to revolutionize web development by offering near-native performance. It's exciting to think about the possibilities this technology brings.", "article": 5, "created_at": "2023-10-16T19:17:20.052Z", "author": 1, "comment": null}}, {"model": "main.comment", "pk": 9, "fields": {"message": "\"Responsive Design is a Must\" The emphasis on responsive design is spot on. With the proliferation of various devices and screen sizes, ensuring that websites work seamlessly on all platforms is crucial.", "article": 5, "created_at": "2023-10-16T19:17:39.936Z", "author": 1, "comment": null}}, {"model": "main.comment", "pk": 10, "fields": {"message": "\"A Relevant and Insightful Read\" This article masterfully addresses the ever-changing landscape of UX/UI design in a world of advancing technology. It's incredibly relevant for anyone in the field.", "article": 4, "created_at": "2023-10-16T19:18:30.824Z", "author": 1, "comment": null}}, {"model": "main.comment", "pk": 11, "fields": {"message": "\"Technology's Impact on Design\" The discussion about how technology trends are shaping the way we design for user experiences is enlightening. It's clear that the two are closely intertwined and must be considered together.", "article": 4, "created_at": "2023-10-16T19:18:54.904Z", "author": 1, "comment": null}}, {"model": "main.comment", "pk": 12, "fields": {"message": "\"A Fresh Perspective on IoT\" This article offers a unique perspective on the Internet of Things (IoT) and its synergy with Agile methodology. It's refreshing to see how these two powerful forces can drive innovation and efficiency.", "article": 3, "created_at": "2023-10-16T19:19:56.115Z", "author": 1, "comment": null}}, {"model": "main.comment", "pk": 13, "fields": {"message": "\"An Insightful Look at Integration\" This article provides valuable insights into how the convergence of cybersecurity, cloud computing, and DevOps is reshaping the landscape of technology. It emphasizes the importance of balancing security with agility in today's digital world.", "article": 2, "created_at": "2023-10-16T19:20:49.147Z", "author": 1, "comment": null}}, {"model": "main.comment", "pk": 14, "fields": {"message": "\"Adapting to Stay Competitive\" The emphasis on the need for web developers to adapt to emerging technology trends is crucial. In the digital age, staying competitive means keeping up with the latest tools and practices.", "article": 1, "created_at": "2023-10-16T19:21:28.894Z", "author": 1, "comment": null}}, {"model": "main.comment", "pk": 21, "fields": {"message": "Greatest", "article": 6, "created_at": "2023-10-19T21:30:11.273Z", "author": 1, "comment": null}}, {"model": "main.comment", "pk": 22, "fields": {"message": "Greatest", "article": 4, "created_at": "2023-10-19T21:31:42.775Z", "author": 1, "comment": null}}, {"model": "main.comment", "pk": 23, "fields": {"message": "Wonderful!", "article": 1, "created_at": "2023-10-19T21:32:23.743Z", "author": 1, "comment": null}}, {"model": "main.comment", "pk": 24, "fields": {"message": "Wonderful", "article": 2, "created_at": "2023-10-20T14:11:29.002Z", "author": 1, "comment": null}}, {"model": "main.comment", "pk": 25, "fields": {"message": "Wonderful", "article": 2, "created_at": "2023-10-20T14:14:52.091Z", "author": 1, "comment": null}}, {"model": "main.comment", "pk": 27, "fields": {"message": "Wow again!", "article": 9, "created_at": "2023-10-20T19:02:57.641Z", "author": 1, "comment": null}}, {"model": "main.comment", "pk": 28, "fields": {"message": "Hi?", "article": 5, "created_at": "2023-11-10T14:02:31.863Z", "author": 1, "comment": null}}, {"model": "main.comment", "pk": 29, "fields": {"message": "Hi?", "article": 5, "created_at": "2023-11-10T14:03:20.068Z", "author": 1, "comment": null}}, {"model": "main.comment", "pk": 30, "fields": {"message": "Hi?", "article": 5, "created_at": "2023-11-10T14:06:44.692Z", "author": 1, "comment": null}}, {"model": "main.comment", "pk": 31, "fields": {"message": "Does it work?", "article": 10, "created_at": "2023-11-10T14:12:14.649Z", "author": 1, "comment": null}}, {"model": "main.comment", "pk": 32, "fields": {"message": "It works", "article": 10, "created_at": "2023-11-10T14:23:00.485Z", "author": 1, "comment": null}}, {"model": "main.comment", "pk": 35, "fields": {"message": "wow", "article": 8, "created_at": "2023-11-10T17:29:19.955Z", "author": 1, "comment": null}}, {"model": "main.comment", "pk": 42, "fields": {"message": "great new comment", "article": 21, "created_at": "2023-12-01T13:34:59.160Z", "author": 17, "comment": null}}, {"model": "main.comment", "pk": 43, "fields": {"message": "testing comment", "article": 21, "created_at": "2023-12-03T11:15:52.206Z", "author": 17, "comment": null}}, {"model": "main.comment", "pk": 44, "fields": {"message": "testing comment", "article": 21, "created_at": "2023-12-03T11:15:56.121Z", "author": 17, "comment": null}}, {"model": "authtoken.token", "pk": "1d834d5851a228c4cf84504cb15e88d0cb83a7eb", "fields": {"user": 18, "created": "2023-12-01T10:53:43.260Z"}}, {"model": "authtoken.token", "pk": "5798d99a4e19ba06773696cb26454ccd730848ad", "fields": {"user": 17, "created": "2023-12-01T10:51:17.558Z"}}, {"model": "authtoken.token", "pk": "8e58725a842ca8602c35834588664d6f919c6d9b", "fields": {"user": 1, "created": "2023-11-17T19:06:05.643Z"}}, {"model": "authtoken.token", "pk": "b5925346c38e048d2e06b0a68c398bb3adfc95a1", "fields": {"user": 19, "created": "2023-12-03T11:40:55.139Z"}}]